review_id,plan_name,rating,comment,review_date
RV00001,四国お遍路ウォーキング,2,予約の変更がしにくかった,2025-01-31
RV00002,石垣島ダイビング,4,子どもが大喜びでした。また行きたい,2025-03-17
RV00003,四国お遍路ウォーキング,5,ホテルが清潔で快適でした,2024-09-03
RV00004,奄美大島ネイチャー,4,コスパが良く、友人にもおすすめしたい,2025-01-14
RV00005,東北温泉巡り,3,観光スポットは良かったが、食事が普通,2025-03-19
RV00006,信州そば巡り,5,食事が美味しくて大満足,2024-05-31
RV00007,九州グルメツアー,3,全体的に満足だが、移動時間が長かった,2024-09-30
RV00008,北海道ラベンダー畑ツアー,5,写真映えスポットが多くて嬉しかった,2025-01-23
RV00009,日光・鬼怒川温泉,5,写真映えスポットが多くて嬉しかった,2024-04-02
RV00010,長野高原リトリート,3,もう少し自由時間が欲しかった,2024-07-24
RV00011,金沢文化体験,3,観光スポットは良かったが、食事が普通,2024-12-07
RV00012,沖縄リゾートステイ,4,最高の旅行でした！景色が素晴らしい,2024-11-14
RV00013,伊豆半島ドライブ,3,観光スポットは良かったが、食事が普通,2024-12-18
RV00014,北海道ラベンダー畑ツアー,3,もう少し自由時間が欲しかった,2024-05-21
RV00015,金沢文化体験,5,写真映えスポットが多くて嬉しかった,2024-11-26
RV00016,伊豆半島ドライブ,4,最高の旅行でした！景色が素晴らしい,2024-05-25
RV00017,広島・宮島歴史探訪,5,ホテルが清潔で快適でした,2024-05-23
RV00018,宮古島絶景ビーチ,4,最高の旅行でした！景色が素晴らしい,2024-07-09
RV00019,京都紅葉めぐり,4,最高の旅行でした！景色が素晴らしい,2024-11-27
RV00020,日光・鬼怒川温泉,4,最高の旅行でした！景色が素晴らしい,2024-06-20
RV00021,広島・宮島歴史探訪,4,最高の旅行でした！景色が素晴らしい,2024-12-25
RV00022,奄美大島ネイチャー,4,コスパが良く、友人にもおすすめしたい,2024-11-06
RV00023,屋久島トレッキング,3,天候に恵まれず少し残念,2024-05-23
RV00024,沖縄リゾートステイ,5,子どもが大喜びでした。また行きたい,2024-08-07
RV00025,屋久島トレッキング,2,予約の変更がしにくかった,2025-02-03
RV00026,石垣島ダイビング,5,子どもが大喜びでした。また行きたい,2024-09-12
RV00027,伊豆半島ドライブ,4,最高の旅行でした！景色が素晴らしい,2024-12-31
RV00028,屋久島トレッキング,4,食事が美味しくて大満足,2024-08-12
RV00029,北海道ラベンダー畑ツアー,4,子どもが大喜びでした。また行きたい,2025-01-28
RV00030,北海道ラベンダー畑ツアー,3,もう少し自由時間が欲しかった,2024-05-12
RV00031,長野高原リトリート,2,Wi-Fi が使えなくて不便だった,2024-07-14
RV00032,信州そば巡り,5,ホテルが清潔で快適でした,2024-06-24
RV00033,広島・宮島歴史探訪,2,混雑していてゆっくりできなかった,2024-10-12
RV00034,宮古島絶景ビーチ,5,子どもが大喜びでした。また行きたい,2025-01-08
RV00035,箱根温泉週末プラン,3,全体的に満足だが、移動時間が長かった,2024-08-30
RV00036,奄美大島ネイチャー,4,写真映えスポットが多くて嬉しかった,2024-11-05
RV00037,石垣島ダイビング,3,観光スポットは良かったが、食事が普通,2024-12-19
RV00038,沖縄3泊4日ファミリープラン,5,コスパが良く、友人にもおすすめしたい,2025-03-26
RV00039,屋久島トレッキング,4,写真映えスポットが多くて嬉しかった,2024-06-27
RV00040,沖縄3泊4日ファミリープラン,5,写真映えスポットが多くて嬉しかった,2024-12-01
RV00041,東北温泉巡り,4,写真映えスポットが多くて嬉しかった,2024-08-12
RV00042,伊豆半島ドライブ,4,最高の旅行でした！景色が素晴らしい,2024-11-27
RV00043,函館ロマンチック旅,4,食事が美味しくて大満足,2025-03-07
RV00044,石垣島ダイビング,3,天候に恵まれず少し残念,2025-03-14
RV00045,箱根温泉週末プラン,5,コスパが良く、友人にもおすすめしたい,2024-10-14
RV00046,北海道ラベンダー畑ツアー,2,Wi-Fi が使えなくて不便だった,2024-12-31
RV00047,石垣島ダイビング,5,子どもが大喜びでした。また行きたい,2024-08-11
RV00048,宮古島絶景ビーチ,4,最高の旅行でした！景色が素晴らしい,2025-02-13
RV00049,奄美大島ネイチャー,4,ホテルが清潔で快適でした,2025-02-26
RV00050,伊豆半島ドライブ,5,スタッフの対応が丁寧で安心できました,2024-11-03
RV00051,金沢文化体験,3,天候に恵まれず少し残念,2024-10-15
RV00052,日光・鬼怒川温泉,4,食事が美味しくて大満足,2024-04-10
RV00053,東北温泉巡り,5,スタッフの対応が丁寧で安心できました,2024-06-13
RV00054,日光・鬼怒川温泉,5,写真映えスポットが多くて嬉しかった,2024-04-14
RV00055,信州そば巡り,5,コスパが良く、友人にもおすすめしたい,2024-08-26
RV00056,信州そば巡り,5,コスパが良く、友人にもおすすめしたい,2024-07-06
RV00057,宮古島絶景ビーチ,5,ガイドさんが親切で楽しい旅になりました,2025-01-25
RV00058,信州そば巡り,4,写真映えスポットが多くて嬉しかった,2024-07-23
RV00059,石垣島ダイビング,5,食事が美味しくて大満足,2024-04-04
RV00060,奄美大島ネイチャー,5,最高の旅行でした！景色が素晴らしい,2025-01-31
RV00061,沖縄3泊4日ファミリープラン,4,スタッフの対応が丁寧で安心できました,2024-12-16
RV00062,信州そば巡り,5,ホテルが清潔で快適でした,2025-03-09
RV00063,四国お遍路ウォーキング,4,食事が美味しくて大満足,2025-03-27
RV00064,東北温泉巡り,5,コスパが良く、友人にもおすすめしたい,2025-02-26
RV00065,奄美大島ネイチャー,4,ガイドさんが親切で楽しい旅になりました,2025-03-29
RV00066,京都紅葉めぐり,5,ガイドさんが親切で楽しい旅になりました,2024-09-11
RV00067,宮古島絶景ビーチ,5,最高の旅行でした！景色が素晴らしい,2025-01-02
RV00068,東北温泉巡り,4,ガイドさんが親切で楽しい旅になりました,2024-04-22
RV00069,金沢文化体験,5,最高の旅行でした！景色が素晴らしい,2024-05-06
RV00070,箱根温泉週末プラン,4,写真映えスポットが多くて嬉しかった,2024-07-01
RV00071,四国お遍路ウォーキング,4,ホテルが清潔で快適でした,2025-03-04
RV00072,日光・鬼怒川温泉,4,ガイドさんが親切で楽しい旅になりました,2024-06-21
RV00073,函館ロマンチック旅,1,予約の変更がしにくかった,2024-04-16
RV00074,四国お遍路ウォーキング,5,ガイドさんが親切で楽しい旅になりました,2025-02-27
RV00075,箱根温泉週末プラン,4,最高の旅行でした！景色が素晴らしい,2024-10-10
RV00076,広島・宮島歴史探訪,5,子どもが大喜びでした。また行きたい,2024-06-13
RV00077,信州そば巡り,4,スタッフの対応が丁寧で安心できました,2024-10-26
RV00078,四国お遍路ウォーキング,5,コスパが良く、友人にもおすすめしたい,2024-09-02
RV00079,北海道ラベンダー畑ツアー,4,食事が美味しくて大満足,2024-09-23
RV00080,屋久島トレッキング,5,コスパが良く、友人にもおすすめしたい,2024-12-12
RV00081,日光・鬼怒川温泉,4,スタッフの対応が丁寧で安心できました,2024-09-22
RV00082,沖縄リゾートステイ,5,スタッフの対応が丁寧で安心できました,2024-08-17
RV00083,日光・鬼怒川温泉,1,Wi-Fi が使えなくて不便だった,2024-07-19
RV00084,箱根温泉週末プラン,3,もう少し自由時間が欲しかった,2024-07-07
RV00085,奄美大島ネイチャー,5,子どもが大喜びでした。また行きたい,2025-02-10
RV00086,日光・鬼怒川温泉,5,子どもが大喜びでした。また行きたい,2024-12-17
RV00087,沖縄リゾートステイ,4,スタッフの対応が丁寧で安心できました,2025-03-30
RV00088,奄美大島ネイチャー,5,スタッフの対応が丁寧で安心できました,2024-10-13
RV00089,屋久島トレッキング,5,スタッフの対応が丁寧で安心できました,2024-07-09
RV00090,奄美大島ネイチャー,1,バスの移動時間が長すぎる,2024-05-09
RV00091,東北温泉巡り,4,食事が美味しくて大満足,2024-11-06
RV00092,北海道スキーリゾート,4,写真映えスポットが多くて嬉しかった,2024-04-23
RV00093,京都紅葉めぐり,4,子どもが大喜びでした。また行きたい,2024-11-12
RV00094,京都紅葉めぐり,1,予約の変更がしにくかった,2024-06-19
RV00095,日光・鬼怒川温泉,3,ホテルは普通。立地は良い,2024-10-04
RV00096,函館ロマンチック旅,4,子どもが大喜びでした。また行きたい,2024-04-06
RV00097,奄美大島ネイチャー,4,子どもが大喜びでした。また行きたい,2025-02-24
RV00098,奄美大島ネイチャー,5,ガイドさんが親切で楽しい旅になりました,2024-06-29
RV00099,屋久島トレッキング,2,価格に対して食事の質がイマイチ,2024-08-03
RV00100,沖縄リゾートステイ,3,全体的に満足だが、移動時間が長かった,2025-02-16
RV00101,伊豆半島ドライブ,4,写真映えスポットが多くて嬉しかった,2024-05-21
RV00102,長野高原リトリート,4,食事が美味しくて大満足,2024-04-01
RV00103,函館ロマンチック旅,2,Wi-Fi が使えなくて不便だった,2024-06-15
RV00104,箱根温泉週末プラン,2,Wi-Fi が使えなくて不便だった,2025-02-11
RV00105,屋久島トレッキング,4,写真映えスポットが多くて嬉しかった,2024-08-04
RV00106,九州グルメツアー,5,子どもが大喜びでした。また行きたい,2024-05-21
RV00107,北海道スキーリゾート,5,ホテルが清潔で快適でした,2024-12-29
RV00108,四国お遍路ウォーキング,5,ガイドさんが親切で楽しい旅になりました,2024-08-12
RV00109,金沢文化体験,2,Wi-Fi が使えなくて不便だった,2025-02-03
RV00110,長野高原リトリート,4,子どもが大喜びでした。また行きたい,2024-11-08
RV00111,長野高原リトリート,5,子どもが大喜びでした。また行きたい,2024-07-15
RV00112,京都紅葉めぐり,4,スタッフの対応が丁寧で安心できました,2024-10-17
RV00113,函館ロマンチック旅,5,コスパが良く、友人にもおすすめしたい,2024-07-03
RV00114,屋久島トレッキング,4,ホテルが清潔で快適でした,2024-11-30
RV00115,信州そば巡り,3,観光スポットは良かったが、食事が普通,2024-07-29
RV00116,広島・宮島歴史探訪,2,混雑していてゆっくりできなかった,2024-04-11
RV00117,宮古島絶景ビーチ,4,ホテルが清潔で快適でした,2024-06-15
RV00118,四国お遍路ウォーキング,4,食事が美味しくて大満足,2025-01-03
RV00119,北海道ラベンダー畑ツアー,5,写真映えスポットが多くて嬉しかった,2025-02-02
RV00120,宮古島絶景ビーチ,4,ガイドさんが親切で楽しい旅になりました,2024-06-21
RV00121,京都紅葉めぐり,5,子どもが大喜びでした。また行きたい,2024-10-26
RV00122,広島・宮島歴史探訪,2,価格に対して食事の質がイマイチ,2024-04-16
RV00123,信州そば巡り,5,ホテルが清潔で快適でした,2024-10-16
RV00124,金沢文化体験,5,最高の旅行でした！景色が素晴らしい,2025-02-14
RV00125,東北温泉巡り,5,最高の旅行でした！景色が素晴らしい,2025-01-16
RV00126,箱根温泉週末プラン,4,コスパが良く、友人にもおすすめしたい,2024-09-14
RV00127,信州そば巡り,4,食事が美味しくて大満足,2024-12-17
RV00128,四国お遍路ウォーキング,4,コスパが良く、友人にもおすすめしたい,2024-08-22
RV00129,長野高原リトリート,5,最高の旅行でした！景色が素晴らしい,2024-05-23
RV00130,日光・鬼怒川温泉,4,子どもが大喜びでした。また行きたい,2024-11-02
RV00131,沖縄リゾートステイ,4,最高の旅行でした！景色が素晴らしい,2025-04-01
RV00132,函館ロマンチック旅,5,ガイドさんが親切で楽しい旅になりました,2025-02-04
RV00133,奄美大島ネイチャー,5,食事が美味しくて大満足,2024-08-23
RV00134,宮古島絶景ビーチ,4,ガイドさんが親切で楽しい旅になりました,2024-04-02
RV00135,広島・宮島歴史探訪,4,ホテルが清潔で快適でした,2024-06-26
RV00136,東北温泉巡り,5,写真映えスポットが多くて嬉しかった,2025-01-20
RV00137,東北温泉巡り,4,ガイドさんが親切で楽しい旅になりました,2024-08-31
RV00138,箱根温泉週末プラン,4,子どもが大喜びでした。また行きたい,2025-01-23
RV00139,沖縄3泊4日ファミリープラン,2,価格に対して食事の質がイマイチ,2025-01-18
RV00140,金沢文化体験,5,子どもが大喜びでした。また行きたい,2025-02-17
RV00141,箱根温泉週末プラン,5,ホテルが清潔で快適でした,2024-08-11
RV00142,信州そば巡り,5,子どもが大喜びでした。また行きたい,2024-08-12
RV00143,日光・鬼怒川温泉,4,写真映えスポットが多くて嬉しかった,2024-09-17
RV00144,長野高原リトリート,3,もう少し自由時間が欲しかった,2024-05-27
RV00145,沖縄3泊4日ファミリープラン,4,食事が美味しくて大満足,2024-04-02
RV00146,日光・鬼怒川温泉,4,ガイドさんが親切で楽しい旅になりました,2025-03-15
RV00147,沖縄リゾートステイ,4,ガイドさんが親切で楽しい旅になりました,2025-02-03
RV00148,宮古島絶景ビーチ,4,スタッフの対応が丁寧で安心できました,2025-01-19
RV00149,日光・鬼怒川温泉,5,コスパが良く、友人にもおすすめしたい,2024-08-06
RV00150,日光・鬼怒川温泉,2,予約の変更がしにくかった,2025-02-15
RV00151,九州グルメツアー,4,スタッフの対応が丁寧で安心できました,2024-04-16
RV00152,函館ロマンチック旅,5,コスパが良く、友人にもおすすめしたい,2024-05-23
RV00153,沖縄リゾートステイ,5,最高の旅行でした！景色が素晴らしい,2024-08-04
RV00154,屋久島トレッキング,4,写真映えスポットが多くて嬉しかった,2024-06-12
RV00155,四国お遍路ウォーキング,4,コスパが良く、友人にもおすすめしたい,2024-11-04
RV00156,石垣島ダイビング,2,予約の変更がしにくかった,2024-10-28
RV00157,宮古島絶景ビーチ,4,写真映えスポットが多くて嬉しかった,2024-06-09
RV00158,石垣島ダイビング,4,コスパが良く、友人にもおすすめしたい,2024-05-17
RV00159,沖縄3泊4日ファミリープラン,4,スタッフの対応が丁寧で安心できました,2025-01-27
RV00160,日光・鬼怒川温泉,2,バスの移動時間が長すぎる,2024-11-23
RV00161,箱根温泉週末プラン,5,コスパが良く、友人にもおすすめしたい,2024-11-21
RV00162,沖縄3泊4日ファミリープラン,5,子どもが大喜びでした。また行きたい,2024-06-03
RV00163,箱根温泉週末プラン,5,ガイドさんが親切で楽しい旅になりました,2025-01-02
RV00164,北海道スキーリゾート,5,食事が美味しくて大満足,2024-07-27
RV00165,石垣島ダイビング,5,最高の旅行でした！景色が素晴らしい,2024-10-08
RV00166,北海道ラベンダー畑ツアー,5,子どもが大喜びでした。また行きたい,2024-07-22
RV00167,伊豆半島ドライブ,5,食事が美味しくて大満足,2024-04-28
RV00168,屋久島トレッキング,5,子どもが大喜びでした。また行きたい,2024-12-15
RV00169,宮古島絶景ビーチ,5,ガイドさんが親切で楽しい旅になりました,2025-03-05
RV00170,北海道スキーリゾート,5,スタッフの対応が丁寧で安心できました,2025-03-06
RV00171,石垣島ダイビング,4,写真映えスポットが多くて嬉しかった,2024-10-29
RV00172,金沢文化体験,5,食事が美味しくて大満足,2024-09-19
RV00173,広島・宮島歴史探訪,4,子どもが大喜びでした。また行きたい,2024-07-04
RV00174,伊豆半島ドライブ,1,Wi-Fi が使えなくて不便だった,2024-09-18
RV00175,四国お遍路ウォーキング,5,最高の旅行でした！景色が素晴らしい,2025-02-11
RV00176,函館ロマンチック旅,5,ホテルが清潔で快適でした,2024-05-24
RV00177,北海道スキーリゾート,4,コスパが良く、友人にもおすすめしたい,2025-02-10
RV00178,北海道スキーリゾート,5,ホテルが清潔で快適でした,2024-08-08
RV00179,九州グルメツアー,5,食事が美味しくて大満足,2024-07-09
RV00180,四国お遍路ウォーキング,5,子どもが大喜びでした。また行きたい,2024-10-23
RV00181,函館ロマンチック旅,1,価格に対して食事の質がイマイチ,2025-02-26
RV00182,沖縄3泊4日ファミリープラン,4,スタッフの対応が丁寧で安心できました,2024-04-16
RV00183,屋久島トレッキング,4,コスパが良く、友人にもおすすめしたい,2024-11-24
RV00184,東北温泉巡り,2,予約の変更がしにくかった,2025-02-13
RV00185,沖縄リゾートステイ,5,食事が美味しくて大満足,2024-05-30
RV00186,京都紅葉めぐり,5,スタッフの対応が丁寧で安心できました,2025-02-16
RV00187,信州そば巡り,3,ホテルは普通。立地は良い,2024-12-28
RV00188,京都紅葉めぐり,5,コスパが良く、友人にもおすすめしたい,2024-11-02
RV00189,屋久島トレッキング,5,スタッフの対応が丁寧で安心できました,2024-05-09
RV00190,屋久島トレッキング,5,コスパが良く、友人にもおすすめしたい,2024-08-26
RV00191,四国お遍路ウォーキング,4,スタッフの対応が丁寧で安心できました,2024-11-11
RV00192,沖縄リゾートステイ,4,ガイドさんが親切で楽しい旅になりました,2025-03-02
RV00193,北海道スキーリゾート,5,コスパが良く、友人にもおすすめしたい,2024-12-31
RV00194,屋久島トレッキング,2,混雑していてゆっくりできなかった,2024-05-24
RV00195,広島・宮島歴史探訪,3,もう少し自由時間が欲しかった,2025-02-05
RV00196,箱根温泉週末プラン,4,ホテルが清潔で快適でした,2024-12-11
RV00197,信州そば巡り,5,写真映えスポットが多くて嬉しかった,2024-11-20
RV00198,京都紅葉めぐり,2,価格に対して食事の質がイマイチ,2024-06-13
RV00199,北海道スキーリゾート,5,最高の旅行でした！景色が素晴らしい,2024-07-21
RV00200,箱根温泉週末プラン,5,最高の旅行でした！景色が素晴らしい,2025-03-13
RV00201,広島・宮島歴史探訪,4,ガイドさんが親切で楽しい旅になりました,2024-09-13
RV00202,宮古島絶景ビーチ,1,Wi-Fi が使えなくて不便だった,2024-07-31
RV00203,伊豆半島ドライブ,4,スタッフの対応が丁寧で安心できました,2024-06-29
RV00204,九州グルメツアー,1,Wi-Fi が使えなくて不便だった,2025-01-29
RV00205,宮古島絶景ビーチ,4,ガイドさんが親切で楽しい旅になりました,2024-10-13
RV00206,奄美大島ネイチャー,4,スタッフの対応が丁寧で安心できました,2024-09-26
RV00207,函館ロマンチック旅,5,ガイドさんが親切で楽しい旅になりました,2025-02-19
RV00208,屋久島トレッキング,5,コスパが良く、友人にもおすすめしたい,2024-05-05
RV00209,東北温泉巡り,3,全体的に満足だが、移動時間が長かった,2024-09-17
RV00210,東北温泉巡り,4,ホテルが清潔で快適でした,2025-02-06
RV00211,長野高原リトリート,4,写真映えスポットが多くて嬉しかった,2024-12-25
RV00212,箱根温泉週末プラン,2,価格に対して食事の質がイマイチ,2024-06-02
RV00213,九州グルメツアー,4,スタッフの対応が丁寧で安心できました,2024-06-29
RV00214,奄美大島ネイチャー,4,写真映えスポットが多くて嬉しかった,2025-03-24
RV00215,沖縄リゾートステイ,4,ガイドさんが親切で楽しい旅になりました,2025-03-11
RV00216,広島・宮島歴史探訪,3,ホテルは普通。立地は良い,2024-08-10
RV00217,函館ロマンチック旅,3,ホテルは普通。立地は良い,2024-12-03
RV00218,北海道ラベンダー畑ツアー,2,混雑していてゆっくりできなかった,2024-07-25
RV00219,沖縄3泊4日ファミリープラン,4,最高の旅行でした！景色が素晴らしい,2024-11-28
RV00220,箱根温泉週末プラン,1,価格に対して食事の質がイマイチ,2024-10-26
RV00221,京都紅葉めぐり,4,子どもが大喜びでした。また行きたい,2024-06-03
RV00222,北海道ラベンダー畑ツアー,5,スタッフの対応が丁寧で安心できました,2025-02-02
RV00223,金沢文化体験,4,食事が美味しくて大満足,2025-02-28
RV00224,東北温泉巡り,4,ホテルが清潔で快適でした,2024-10-17
RV00225,京都紅葉めぐり,5,子どもが大喜びでした。また行きたい,2024-10-19
RV00226,東北温泉巡り,5,子どもが大喜びでした。また行きたい,2024-10-12
RV00227,北海道ラベンダー畑ツアー,3,観光スポットは良かったが、食事が普通,2024-09-01
RV00228,石垣島ダイビング,5,子どもが大喜びでした。また行きたい,2024-08-20
RV00229,九州グルメツアー,5,最高の旅行でした！景色が素晴らしい,2025-01-23
RV00230,京都紅葉めぐり,5,ホテルが清潔で快適でした,2025-01-11
RV00231,沖縄3泊4日ファミリープラン,5,スタッフの対応が丁寧で安心できました,2025-03-29
RV00232,沖縄3泊4日ファミリープラン,3,全体的に満足だが、移動時間が長かった,2024-04-05
RV00233,宮古島絶景ビーチ,5,ホテルが清潔で快適でした,2024-04-11
RV00234,金沢文化体験,5,食事が美味しくて大満足,2025-01-18
RV00235,北海道スキーリゾート,4,ホテルが清潔で快適でした,2024-11-30
RV00236,石垣島ダイビング,5,最高の旅行でした！景色が素晴らしい,2024-05-31
RV00237,石垣島ダイビング,5,スタッフの対応が丁寧で安心できました,2024-05-15
RV00238,奄美大島ネイチャー,4,最高の旅行でした！景色が素晴らしい,2024-06-20
RV00239,九州グルメツアー,3,ホテルは普通。立地は良い,2025-02-12
RV00240,信州そば巡り,4,食事が美味しくて大満足,2024-08-07
RV00241,東北温泉巡り,4,食事が美味しくて大満足,2025-02-03
RV00242,箱根温泉週末プラン,5,写真映えスポットが多くて嬉しかった,2024-07-21
RV00243,石垣島ダイビング,3,全体的に満足だが、移動時間が長かった,2025-03-05
RV00244,長野高原リトリート,4,ホテルが清潔で快適でした,2024-11-24
RV00245,四国お遍路ウォーキング,5,写真映えスポットが多くて嬉しかった,2025-03-10
RV00246,京都紅葉めぐり,5,子どもが大喜びでした。また行きたい,2025-01-11
RV00247,沖縄3泊4日ファミリープラン,4,スタッフの対応が丁寧で安心できました,2025-02-24
RV00248,九州グルメツアー,5,ガイドさんが親切で楽しい旅になりました,2024-08-30
RV00249,東北温泉巡り,5,ガイドさんが親切で楽しい旅になりました,2024-12-05
RV00250,京都紅葉めぐり,4,スタッフの対応が丁寧で安心できました,2024-12-01
RV00251,伊豆半島ドライブ,5,ホテルが清潔で快適でした,2024-12-10
RV00252,北海道ラベンダー畑ツアー,4,写真映えスポットが多くて嬉しかった,2025-03-05
RV00253,伊豆半島ドライブ,3,ホテルは普通。立地は良い,2024-08-12
RV00254,石垣島ダイビング,4,子どもが大喜びでした。また行きたい,2024-08-10
RV00255,東北温泉巡り,5,コスパが良く、友人にもおすすめしたい,2024-12-19
RV00256,四国お遍路ウォーキング,3,ホテルは普通。立地は良い,2025-03-02
RV00257,北海道スキーリゾート,3,もう少し自由時間が欲しかった,2024-08-10
RV00258,伊豆半島ドライブ,3,天候に恵まれず少し残念,2024-12-10
RV00259,奄美大島ネイチャー,5,子どもが大喜びでした。また行きたい,2024-06-10
RV00260,函館ロマンチック旅,5,スタッフの対応が丁寧で安心できました,2024-09-03
RV00261,日光・鬼怒川温泉,4,食事が美味しくて大満足,2024-06-03
RV00262,金沢文化体験,5,コスパが良く、友人にもおすすめしたい,2025-03-25
RV00263,伊豆半島ドライブ,5,食事が美味しくて大満足,2024-11-26
RV00264,四国お遍路ウォーキング,4,食事が美味しくて大満足,2024-06-03
RV00265,箱根温泉週末プラン,5,最高の旅行でした！景色が素晴らしい,2024-08-31
RV00266,沖縄リゾートステイ,2,Wi-Fi が使えなくて不便だった,2024-07-17
RV00267,沖縄リゾートステイ,4,ホテルが清潔で快適でした,2024-07-30
RV00268,京都紅葉めぐり,4,食事が美味しくて大満足,2025-02-18
RV00269,函館ロマンチック旅,5,ホテルが清潔で快適でした,2024-12-11
RV00270,箱根温泉週末プラン,4,食事が美味しくて大満足,2024-05-05
RV00271,北海道ラベンダー畑ツアー,1,バスの移動時間が長すぎる,2025-01-09
RV00272,屋久島トレッキング,5,最高の旅行でした！景色が素晴らしい,2024-08-12
RV00273,屋久島トレッキング,5,ホテルが清潔で快適でした,2024-12-28
RV00274,長野高原リトリート,5,最高の旅行でした！景色が素晴らしい,2024-05-15
RV00275,北海道ラベンダー畑ツアー,4,ガイドさんが親切で楽しい旅になりました,2024-07-04
RV00276,沖縄リゾートステイ,4,コスパが良く、友人にもおすすめしたい,2024-04-09
RV00277,信州そば巡り,4,食事が美味しくて大満足,2024-04-16
RV00278,北海道ラベンダー畑ツアー,5,ガイドさんが親切で楽しい旅になりました,2025-03-04
RV00279,日光・鬼怒川温泉,5,ガイドさんが親切で楽しい旅になりました,2025-03-06
RV00280,京都紅葉めぐり,4,写真映えスポットが多くて嬉しかった,2024-05-20
RV00281,沖縄リゾートステイ,4,子どもが大喜びでした。また行きたい,2024-05-05
RV00282,函館ロマンチック旅,5,食事が美味しくて大満足,2025-01-21
RV00283,四国お遍路ウォーキング,3,全体的に満足だが、移動時間が長かった,2024-05-04
RV00284,金沢文化体験,5,食事が美味しくて大満足,2024-12-07
RV00285,四国お遍路ウォーキング,4,コスパが良く、友人にもおすすめしたい,2024-07-18
RV00286,伊豆半島ドライブ,4,スタッフの対応が丁寧で安心できました,2024-09-23
RV00287,長野高原リトリート,4,スタッフの対応が丁寧で安心できました,2024-08-04
RV00288,函館ロマンチック旅,5,コスパが良く、友人にもおすすめしたい,2024-08-13
RV00289,信州そば巡り,4,スタッフの対応が丁寧で安心できました,2024-12-26
RV00290,屋久島トレッキング,2,Wi-Fi が使えなくて不便だった,2024-12-31
RV00291,奄美大島ネイチャー,5,スタッフの対応が丁寧で安心できました,2025-02-05
RV00292,石垣島ダイビング,4,子どもが大喜びでした。また行きたい,2024-07-21
RV00293,箱根温泉週末プラン,5,最高の旅行でした！景色が素晴らしい,2024-11-02
RV00294,伊豆半島ドライブ,5,子どもが大喜びでした。また行きたい,2024-08-02
RV00295,長野高原リトリート,4,最高の旅行でした！景色が素晴らしい,2024-11-03
RV00296,東北温泉巡り,2,混雑していてゆっくりできなかった,2024-07-09
RV00297,四国お遍路ウォーキング,4,ガイドさんが親切で楽しい旅になりました,2024-05-01
RV00298,四国お遍路ウォーキング,4,写真映えスポットが多くて嬉しかった,2024-08-10
RV00299,奄美大島ネイチャー,4,コスパが良く、友人にもおすすめしたい,2025-01-04
RV00300,北海道スキーリゾート,3,天候に恵まれず少し残念,2024-11-05
RV00301,沖縄リゾートステイ,3,天候に恵まれず少し残念,2024-08-11
RV00302,石垣島ダイビング,5,子どもが大喜びでした。また行きたい,2024-04-02
RV00303,函館ロマンチック旅,4,子どもが大喜びでした。また行きたい,2024-04-04
RV00304,箱根温泉週末プラン,3,全体的に満足だが、移動時間が長かった,2025-03-11
RV00305,四国お遍路ウォーキング,4,写真映えスポットが多くて嬉しかった,2024-11-19
RV00306,長野高原リトリート,3,ホテルは普通。立地は良い,2024-04-04
RV00307,沖縄リゾートステイ,5,ガイドさんが親切で楽しい旅になりました,2025-01-16
RV00308,長野高原リトリート,4,子どもが大喜びでした。また行きたい,2024-07-02
RV00309,奄美大島ネイチャー,3,全体的に満足だが、移動時間が長かった,2024-09-06
RV00310,金沢文化体験,5,写真映えスポットが多くて嬉しかった,2024-10-20
RV00311,箱根温泉週末プラン,1,予約の変更がしにくかった,2024-07-16
RV00312,四国お遍路ウォーキング,5,コスパが良く、友人にもおすすめしたい,2024-08-02
RV00313,奄美大島ネイチャー,5,子どもが大喜びでした。また行きたい,2024-06-16
RV00314,屋久島トレッキング,4,スタッフの対応が丁寧で安心できました,2024-07-30
RV00315,沖縄リゾートステイ,3,ホテルは普通。立地は良い,2025-02-01
RV00316,奄美大島ネイチャー,1,予約の変更がしにくかった,2024-12-10
RV00317,屋久島トレッキング,4,ガイドさんが親切で楽しい旅になりました,2025-03-04
RV00318,信州そば巡り,5,食事が美味しくて大満足,2024-11-10
RV00319,東北温泉巡り,1,予約の変更がしにくかった,2024-08-16
RV00320,北海道ラベンダー畑ツアー,5,ホテルが清潔で快適でした,2024-12-23
RV00321,金沢文化体験,4,最高の旅行でした！景色が素晴らしい,2024-04-25
RV00322,長野高原リトリート,4,ホテルが清潔で快適でした,2024-09-24
RV00323,広島・宮島歴史探訪,4,コスパが良く、友人にもおすすめしたい,2024-10-07
RV00324,長野高原リトリート,4,写真映えスポットが多くて嬉しかった,2024-06-18
RV00325,北海道ラベンダー畑ツアー,3,もう少し自由時間が欲しかった,2024-09-01
RV00326,屋久島トレッキング,4,ホテルが清潔で快適でした,2024-09-01
RV00327,箱根温泉週末プラン,5,スタッフの対応が丁寧で安心できました,2025-01-18
RV00328,東北温泉巡り,4,ガイドさんが親切で楽しい旅になりました,2025-02-27
RV00329,宮古島絶景ビーチ,5,スタッフの対応が丁寧で安心できました,2025-03-29
RV00330,伊豆半島ドライブ,5,コスパが良く、友人にもおすすめしたい,2024-09-01
RV00331,石垣島ダイビング,4,子どもが大喜びでした。また行きたい,2024-12-20
RV00332,石垣島ダイビング,5,コスパが良く、友人にもおすすめしたい,2024-06-22
RV00333,金沢文化体験,2,バスの移動時間が長すぎる,2024-06-06
RV00334,奄美大島ネイチャー,4,写真映えスポットが多くて嬉しかった,2024-12-08
RV00335,沖縄3泊4日ファミリープラン,5,子どもが大喜びでした。また行きたい,2024-11-18
RV00336,奄美大島ネイチャー,5,写真映えスポットが多くて嬉しかった,2025-01-28
RV00337,奄美大島ネイチャー,4,写真映えスポットが多くて嬉しかった,2024-04-14
RV00338,九州グルメツアー,1,バスの移動時間が長すぎる,2024-07-23
RV00339,北海道ラベンダー畑ツアー,4,ガイドさんが親切で楽しい旅になりました,2024-06-08
RV00340,金沢文化体験,4,コスパが良く、友人にもおすすめしたい,2024-05-15
RV00341,金沢文化体験,5,スタッフの対応が丁寧で安心できました,2024-09-22
RV00342,日光・鬼怒川温泉,5,最高の旅行でした！景色が素晴らしい,2024-11-20
RV00343,石垣島ダイビング,4,子どもが大喜びでした。また行きたい,2024-10-20
RV00344,屋久島トレッキング,5,子どもが大喜びでした。また行きたい,2024-10-01
RV00345,石垣島ダイビング,2,バスの移動時間が長すぎる,2024-08-30
RV00346,長野高原リトリート,2,バスの移動時間が長すぎる,2024-07-04
RV00347,北海道ラベンダー畑ツアー,4,子どもが大喜びでした。また行きたい,2025-02-12
RV00348,信州そば巡り,5,ガイドさんが親切で楽しい旅になりました,2024-10-22
RV00349,奄美大島ネイチャー,4,ガイドさんが親切で楽しい旅になりました,2025-02-11
RV00350,函館ロマンチック旅,4,子どもが大喜びでした。また行きたい,2025-03-26
RV00351,箱根温泉週末プラン,4,ガイドさんが親切で楽しい旅になりました,2024-07-27
RV00352,伊豆半島ドライブ,4,子どもが大喜びでした。また行きたい,2025-02-08
RV00353,東北温泉巡り,3,観光スポットは良かったが、食事が普通,2024-12-26
RV00354,函館ロマンチック旅,5,スタッフの対応が丁寧で安心できました,2024-08-31
RV00355,屋久島トレッキング,5,スタッフの対応が丁寧で安心できました,2025-01-24
RV00356,沖縄3泊4日ファミリープラン,4,コスパが良く、友人にもおすすめしたい,2024-04-13
RV00357,長野高原リトリート,3,もう少し自由時間が欲しかった,2024-05-31
RV00358,日光・鬼怒川温泉,5,ガイドさんが親切で楽しい旅になりました,2025-01-03
RV00359,奄美大島ネイチャー,1,価格に対して食事の質がイマイチ,2024-12-09
RV00360,箱根温泉週末プラン,5,子どもが大喜びでした。また行きたい,2024-04-14
RV00361,九州グルメツアー,4,食事が美味しくて大満足,2025-01-25
RV00362,北海道ラベンダー畑ツアー,4,スタッフの対応が丁寧で安心できました,2025-02-21
RV00363,沖縄3泊4日ファミリープラン,5,ホテルが清潔で快適でした,2025-03-11
RV00364,東北温泉巡り,3,ホテルは普通。立地は良い,2024-06-02
RV00365,沖縄リゾートステイ,4,コスパが良く、友人にもおすすめしたい,2025-03-10
RV00366,北海道ラベンダー畑ツアー,4,最高の旅行でした！景色が素晴らしい,2025-02-11
RV00367,京都紅葉めぐり,5,食事が美味しくて大満足,2024-06-05
RV00368,東北温泉巡り,3,天候に恵まれず少し残念,2025-03-18
RV00369,北海道ラベンダー畑ツアー,3,天候に恵まれず少し残念,2024-06-09
RV00370,長野高原リトリート,4,食事が美味しくて大満足,2024-07-17
RV00371,宮古島絶景ビーチ,2,予約の変更がしにくかった,2025-03-25
RV00372,日光・鬼怒川温泉,3,観光スポットは良かったが、食事が普通,2024-11-08
RV00373,石垣島ダイビング,5,最高の旅行でした！景色が素晴らしい,2025-02-10
RV00374,東北温泉巡り,5,写真映えスポットが多くて嬉しかった,2024-09-26
RV00375,宮古島絶景ビーチ,3,全体的に満足だが、移動時間が長かった,2024-12-30
RV00376,長野高原リトリート,5,ホテルが清潔で快適でした,2024-12-13
RV00377,日光・鬼怒川温泉,3,全体的に満足だが、移動時間が長かった,2024-10-23
RV00378,京都紅葉めぐり,4,子どもが大喜びでした。また行きたい,2024-07-22
RV00379,長野高原リトリート,5,最高の旅行でした！景色が素晴らしい,2025-02-18
RV00380,四国お遍路ウォーキング,4,ホテルが清潔で快適でした,2024-11-07
RV00381,屋久島トレッキング,5,コスパが良く、友人にもおすすめしたい,2024-04-15
RV00382,屋久島トレッキング,3,もう少し自由時間が欲しかった,2024-11-04
RV00383,伊豆半島ドライブ,3,全体的に満足だが、移動時間が長かった,2024-08-01
RV00384,長野高原リトリート,3,もう少し自由時間が欲しかった,2024-04-22
RV00385,京都紅葉めぐり,4,スタッフの対応が丁寧で安心できました,2025-01-30
RV00386,箱根温泉週末プラン,4,スタッフの対応が丁寧で安心できました,2025-01-05
RV00387,北海道ラベンダー畑ツアー,4,食事が美味しくて大満足,2024-10-10
RV00388,東北温泉巡り,4,ホテルが清潔で快適でした,2025-01-29
RV00389,九州グルメツアー,5,写真映えスポットが多くて嬉しかった,2024-11-10
RV00390,宮古島絶景ビーチ,4,ホテルが清潔で快適でした,2024-10-01
RV00391,金沢文化体験,5,ホテルが清潔で快適でした,2024-07-27
RV00392,日光・鬼怒川温泉,4,写真映えスポットが多くて嬉しかった,2025-02-05
RV00393,京都紅葉めぐり,4,写真映えスポットが多くて嬉しかった,2024-12-04
RV00394,箱根温泉週末プラン,1,価格に対して食事の質がイマイチ,2025-02-26
RV00395,金沢文化体験,5,子どもが大喜びでした。また行きたい,2024-09-18
RV00396,信州そば巡り,5,子どもが大喜びでした。また行きたい,2024-10-28
RV00397,信州そば巡り,5,スタッフの対応が丁寧で安心できました,2024-04-28
RV00398,日光・鬼怒川温泉,5,写真映えスポットが多くて嬉しかった,2024-12-19
RV00399,奄美大島ネイチャー,5,写真映えスポットが多くて嬉しかった,2024-07-17
RV00400,北海道スキーリゾート,4,最高の旅行でした！景色が素晴らしい,2025-03-16
